{"Game number": 300, "# Episodes": 3013, "Average reward": -52.25, "Time taken": 78.99, "_timestamp": 1677151560.7951539, "_runtime": 10472.00615286827, "_step": 309, "Evaluation score": -77.9622, "_wandb": {"runtime": 10486}}