{"Game number": 300, "# Episodes": 4528, "Average reward": -576.24, "Time taken": 66.44, "_timestamp": 1677791340.3594837, "_runtime": 19547.135004758835, "_step": 309, "Evaluation score": -991.732, "_wandb": {"runtime": 19550}}