{"Game number": 251, "# Episodes": 1172, "Average reward": -2.02, "Time taken": 6.64, "Cosharing Counter": 3, "_timestamp": 1678221025.5796983, "_runtime": 2871.920416355133, "_step": 257, "Evaluation score": -6.009640537266849, "_wandb": {"runtime": 2875}}