{"Game number": 500, "# Episodes": 9021, "Average reward": -15.34, "Time taken": 63.59, "_timestamp": 1678067144.450434, "_runtime": 17627.456815958023, "_step": 509, "Evaluation score": -95.31650653577029, "_wandb": {"runtime": 31578}}