{"Game number": 150, "# Episodes": 1273, "Average reward": -14.74, "Time taken": 103.56, "Cosharing Counter": 0, "_timestamp": 1678805539.4105773, "_runtime": 14681.062713384628, "_step": 157, "Evaluation score": -52.79068614172286, "_wandb": {"runtime": 26859}}