{"Game number": 300, "# Episodes": 4570, "Average reward": -9.96, "Time taken": 76.66, "_timestamp": 1678041959.7916596, "_runtime": 9960.325883626938, "_step": 309, "Evaluation score": -5.876436646434065, "_wandb": {"runtime": 9983}}