{"Game number": 300, "# Episodes": 4616, "Average reward": -464.14, "Time taken": 36.88, "_timestamp": 1677628359.7378385, "_runtime": 10585.352724552155, "_step": 309, "Evaluation score": -212.51500000000004, "_wandb": {"runtime": 38635}}