{"Game number": 1, "# Episodes": 1, "Average reward": -20.01, "Time taken": 2.97, "_timestamp": 1678026763.318374, "_runtime": 5.808036804199219, "_step": 0, "_wandb": {"runtime": 7}}