{"Game number": 1000, "# Episodes": 16499, "Average reward": -24.16, "Time taken": 46.19, "Cosharing Counter": 0, "_timestamp": 1678169067.8699105, "_runtime": 37842.961688518524, "_step": 1009, "Evaluation score": -87.27652076872285, "_wandb": {"runtime": 37873}}