{"Game number": 300, "# Episodes": 2898, "Average reward": -5.89, "Time taken": 58.77, "_timestamp": 1677166803.6480193, "_runtime": 8971.609055280685, "_step": 309, "Evaluation score": -20.714000000000002, "_wandb": {"runtime": 8973}}