{"Game number": 300, "# Episodes": 2593, "Average reward": -3.89, "Time taken": 11.62, "Cosharing Counter": 0, "_timestamp": 1678271512.2111242, "_runtime": 5836.203504085541, "_step": 308, "Evaluation score": -16.982109620469856, "_wandb": {"runtime": 5842}}