{"Game number": 183, "# Episodes": 495, "Average reward": -611.72, "Time taken": 5.4, "_timestamp": 1677763640.7296464, "_runtime": 1765.3773193359375, "_step": 188, "Evaluation score": -607.431, "_wandb": {"runtime": 1766}}