{"Game number": 277, "# Episodes": 3493, "Average reward": -624.43, "Time taken": 195.58, "_timestamp": 1677617671.864967, "_runtime": 20245.512998104095, "_step": 285, "Evaluation score": -173.86499999999998, "_wandb": {"runtime": 20258}}