{"Game number": 64, "# Episodes": 641, "Average reward": -516.61, "Time taken": 5.04, "_timestamp": 1677879013.8508155, "_runtime": 2737.481957435608, "_step": 64, "Evaluation score": -65.476, "_wandb": {"runtime": 2740}}