{"Game number": 118, "# Episodes": 1227, "Average reward": -305.19, "Time taken": 4.94, "_timestamp": 1677793550.0325193, "_runtime": 2087.8972742557526, "_step": 117, "_wandb": {"runtime": 2091}}