{"Game number": 46, "# Episodes": 351, "Average reward": -14.99, "Time taken": 45.78, "Cosharing Counter": 10, "_timestamp": 1678910293.09687, "_runtime": 4534.735136985779, "_step": 45, "_wandb": {"runtime": 4551}}