{"Game number": 300, "# Episodes": 1407, "Average reward": -2.67, "Time taken": 9.11, "Cosharing Counter": 2, "_timestamp": 1678206363.6761203, "_runtime": 4101.524352312088, "_step": 308, "Evaluation score": -9.687259668120621, "_wandb": {"runtime": 4418}}