{"Game number": 120, "# Episodes": 978, "Average reward": -4.36, "Time taken": 31.14, "Cosharing Counter": 10, "_timestamp": 1678789915.205327, "_runtime": 8509.075786113739, "_step": 126, "Evaluation score": 5.432722376976139, "_wandb": {"runtime": 8513}}