{"Game number": 300, "# Episodes": 3422, "Average reward": -259.98, "Time taken": 89.55, "_timestamp": 1677684566.657744, "_runtime": 13082.719187021255, "_step": 309, "Evaluation score": -1191.932, "_wandb": {"runtime": 13089}}