{"Game number": 1444, "# Episodes": 12380, "Average reward": -5.57, "Time taken": 6.05, "_timestamp": 1677197134.3858294, "_runtime": 28696.11781334877, "_step": 1447, "Evaluation score": 116.2021, "_wandb": {"runtime": 28713}}