{"Game number": 300, "# Episodes": 4845, "Average reward": -576.27, "Time taken": 47.62, "_timestamp": 1677753992.9708107, "_runtime": 16096.146021604538, "_step": 309, "Evaluation score": -260.484, "_wandb": {"runtime": 16098}}