{"Game number": 2, "# Episodes": 50, "Average reward": 109.79, "Time taken": 86.21, "Cosharing Counter": 25, "_timestamp": 1678102046.768069, "_runtime": 169.38455295562744, "_step": 1, "_wandb": {"runtime": 197}}