{"Game number": 60, "# Episodes": 441, "Average reward": -15.87, "Time taken": 33.73, "_timestamp": 1677072925.5169294, "_runtime": 1446.744292497635, "_step": 59, "_wandb": {"runtime": 1651}}