{"Game number": 150, "# Episodes": 1377, "Average reward": -5.32, "Time taken": 18.27, "Cosharing Counter": 9, "_timestamp": 1678561257.6403246, "_runtime": 12235.141453504562, "_step": 157, "Evaluation score": -23.414527031700548, "_wandb": {"runtime": 16358}}