{"Game number": 1503, "# Episodes": 8341, "Average reward": -32.54, "Time taken": 119.21, "_timestamp": 1677316398.416602, "_runtime": 169.7613639831543, "_step": 2, "_wandb": {"runtime": 216}}