{"Game number": 1, "# Episodes": 4, "Average reward": -167.99, "Time taken": 5.3, "_timestamp": 1677938686.7608325, "_runtime": 8.73713755607605, "_step": 0, "_wandb": {"runtime": 12}}