{"Game number": 3, "# Episodes": 11, "Average reward": -15.43, "Time taken": 11.14, "Cosharing Counter": 1, "_timestamp": 1678212290.7873478, "_runtime": 35.21986675262451, "_step": 2, "_wandb": {"runtime": 38}}