{"Game number": 300, "# Episodes": 1526, "Average reward": -66.83, "Time taken": 9.68, "_timestamp": 1677942553.9826782, "_runtime": 2537.7201330661774, "_step": 308, "Evaluation score": -238.336, "_wandb": {"runtime": 2584}}