{"Game number": 300, "# Episodes": 2799, "Average reward": -256.47, "Time taken": 1.29, "_timestamp": 1677875118.1838462, "_runtime": 4711.532076120377, "_step": 309, "Evaluation score": -99.86200000000001, "_wandb": {"runtime": 5671}}