{"Game number": 14, "# Episodes": 21, "Average reward": -21.42, "Time taken": 29.18, "Cosharing Counter": 1, "_timestamp": 1678905660.8099997, "_runtime": 264.89753580093384, "_step": 13, "_wandb": {"runtime": 280}}