{"Game number": 150, "# Episodes": 1300, "Average reward": -8.08, "Time taken": 37.62, "Cosharing Counter": 10, "_timestamp": 1678632499.4695516, "_runtime": 22293.49308156967, "_step": 157, "Evaluation score": -29.408250822024296, "_wandb": {"runtime": 80137}}