{"Game number": 49, "# Episodes": 336, "Average reward": -16.77, "Time taken": 11.06, "Cosharing Counter": 3, "_timestamp": 1678960160.2896855, "_runtime": 2361.86639046669, "_step": 48}