{"Game number": 279, "# Episodes": 1255, "Average reward": -2.39, "Time taken": 11.35, "Cosharing Counter": 5, "_timestamp": 1678202127.4156263, "_runtime": 2709.8150613307953, "_step": 285, "Evaluation score": -4.434198174984846, "_wandb": {"runtime": 2720}}