{"Game number": 600, "# Episodes": 4929, "Average reward": -12.06, "Time taken": 267.82, "Cosharing Counter": 0, "_timestamp": 1678876652.9488404, "_runtime": 58687.402034282684, "_step": 609, "Evaluation score": -40.34371924322861, "_wandb": {"runtime": 60074}}