{"Game number": 300, "# Episodes": 1402, "Average reward": -2.55, "Time taken": 9.87, "Cosharing Counter": 4, "_timestamp": 1678193677.0169573, "_runtime": 3275.9442212581635, "_step": 307, "Evaluation score": -6.122421543683684, "_wandb": {"runtime": 3499}}