{"Game number": 500, "# Episodes": 4476, "Average reward": -330.96, "Time taken": 11.77, "_timestamp": 1677509426.0758064, "_runtime": 14823.835462331772, "_step": 509, "Evaluation score": -17.187, "_wandb": {"runtime": 14825}}