{"Game number": 300, "# Episodes": 5004, "Average reward": -3.45, "Time taken": 27.49, "Cosharing Counter": 25, "_timestamp": 1678185185.4638271, "_runtime": 10216.871141195297, "_step": 308, "Evaluation score": -17.001246415549538, "_wandb": {"runtime": 11157}}