{"Game number": 300, "# Episodes": 2309, "Average reward": -23.93, "Time taken": 5.57, "_timestamp": 1678031686.8553405, "_runtime": 4454.721882581711, "_step": 309, "Evaluation score": -41.24814433414724, "_wandb": {"runtime": 4482}}