{"Game number": 5, "# Episodes": 21, "Average reward": -52.94, "Time taken": 23.23, "_timestamp": 1677939661.6585684, "_runtime": 61.03874635696411, "_step": 4, "_wandb": {"runtime": 102}}