{"Game number": 300, "# Episodes": 1378, "Average reward": -2.92, "Time taken": 9.27, "Cosharing Counter": 5, "_timestamp": 1678216129.5712285, "_runtime": 3391.845992565155, "_step": 307, "Evaluation score": -3.1219346508432015, "_wandb": {"runtime": 4810}}