{"Game number": 285, "# Episodes": 4382, "Average reward": -92.24, "Time taken": 78.42, "_timestamp": 1677540274.737311, "_runtime": 15410.099503993988, "_step": 293, "Evaluation score": -75.21999999999998}