{"Game number": 300, "# Episodes": 2751, "Average reward": -420.13, "Time taken": 42.12, "_timestamp": 1677701049.9835865, "_runtime": 7133.660954475403, "_step": 308, "Evaluation score": -451.307, "_wandb": {"runtime": 7178}}