{"Game number": 500, "# Episodes": 4957, "Average reward": -39.09, "Time taken": 63.88, "_timestamp": 1677451735.622457, "_runtime": 12334.876488924026, "_step": 509, "Evaluation score": -25.645300000000002, "_wandb": {"runtime": 42612}}