{"Game number": 300, "# Episodes": 3011, "Average reward": -263.66, "Time taken": 4.31, "_timestamp": 1677924588.8212376, "_runtime": 10565.274787664413, "_step": 309, "Evaluation score": -60.057, "_wandb": {"runtime": 11153}}