{"Game number": 1, "# Episodes": 10, "Average reward": -9.12, "Time taken": 50.68, "Cosharing Counter": 5, "_timestamp": 1678905184.7246637, "_runtime": 53.75858783721924, "_step": 0, "_wandb": {"runtime": 96}}