{"Game number": 17, "# Episodes": 75, "Average reward": -5.53, "Time taken": 10.64, "Cosharing Counter": 2, "_timestamp": 1678218087.6698527, "_runtime": 141.2383008003235, "_step": 16, "_wandb": {"runtime": 141}}