{"Game number": 87, "# Episodes": 330, "Average reward": -49.69, "Time taken": 2.21, "_timestamp": 1677767673.6364732, "_runtime": 1184.808346271515, "_step": 88, "Evaluation score": -31.790000000000003, "_wandb": {"runtime": 1185}}