{"Game number": 300, "# Episodes": 1388, "Average reward": -2.87, "Time taken": 10.24, "Cosharing Counter": 0, "_timestamp": 1678198362.4728289, "_runtime": 2962.5159797668457, "_step": 307, "Evaluation score": -10.577117899105001, "_wandb": {"runtime": 2966}}