{"Game number": 28, "# Episodes": 206, "Average reward": -269.99, "Time taken": 21.32, "_timestamp": 1677523342.13095, "_runtime": 1360.211632013321, "_step": 27}