{"Game number": 278, "# Episodes": 3206, "Average reward": -299.75, "Time taken": 2.6, "_timestamp": 1677937206.55884, "_runtime": 11834.070532083511, "_step": 286, "Evaluation score": -362.521, "_wandb": {"runtime": 11872}}