{"Game number": 300, "# Episodes": 5042, "Average reward": -125.0, "Time taken": 65.87, "_timestamp": 1677591705.330067, "_runtime": 14418.791606903076, "_step": 309, "Evaluation score": -131.86799999999997, "_wandb": {"runtime": 14433}}