{"Game number": 197, "# Episodes": 924, "Average reward": -39.7, "Time taken": 3.69, "_timestamp": 1677771677.6974263, "_runtime": 3138.1034474372864, "_step": 202, "Evaluation score": -57.099999999999994, "_wandb": {"runtime": 3143}}