{"Game number": 1000, "# Episodes": 9101, "Average reward": -270.11, "Time taken": 14.68, "_timestamp": 1677720483.9916682, "_runtime": 18798.747391223907, "_step": 1009, "Evaluation score": -13.36, "_wandb": {"runtime": 34188}}