{"Game number": 1504, "# Episodes": 8343, "Average reward": -36.14, "Time taken": 134.32, "_timestamp": 1677316732.2189324, "_runtime": 229.54163527488708, "_step": 3, "_wandb": {"runtime": 263}}