{"Game number": 300, "# Episodes": 1446, "Average reward": -52.07, "Time taken": 1.41, "_timestamp": 1677945063.4800498, "_runtime": 2266.9295959472656, "_step": 308, "Evaluation score": -158.126, "_wandb": {"runtime": 3563}}