{"Game number": 300, "# Episodes": 2615, "Average reward": -2.38, "Time taken": 16.05, "Cosharing Counter": 10, "_timestamp": 1678277920.1584592, "_runtime": 6128.988821268082, "_step": 308, "Evaluation score": 0.14139302416003183, "_wandb": {"runtime": 8653}}