{"Game number": 60, "# Episodes": 524, "Average reward": -305.5, "Time taken": 5.27, "_timestamp": 1677692321.467857, "_runtime": 3976.9969158172607, "_step": 61, "Evaluation score": -39.344, "_wandb": {"runtime": 3988}}