{"Game number": 1046, "# Episodes": 16614, "Average reward": -701.7, "Time taken": 46.89, "_timestamp": 1677861296.5841537, "_runtime": 37938.07584857941, "_step": 1053, "Evaluation score": -1254.334, "_wandb": {"runtime": 38015}}