{"Game number": 6, "# Episodes": 77, "Average reward": -553.4, "Time taken": 38.53, "_timestamp": 1677595826.9784591, "_runtime": 298.2987141609192, "_step": 5, "_wandb": {"runtime": 1373}}