{"Game number": 1509, "# Episodes": 8346, "Average reward": -33.24, "Time taken": 17.46, "_timestamp": 1677317925.884957, "_runtime": 169.82031202316284, "_step": 8}