{"Game number": 11, "# Episodes": 95, "Average reward": -365.81, "Time taken": 12.3, "_timestamp": 1677597270.3768349, "_runtime": 337.15952491760254, "_step": 10, "_wandb": {"runtime": 471}}