{"Game number": 300, "# Episodes": 849, "Average reward": -72.99, "Time taken": 0.85, "_timestamp": 1677947557.8057513, "_runtime": 1093.9289972782135, "_step": 307, "Evaluation score": -161.33599999999998, "_wandb": {"runtime": 2078}}