{"Game number": 300, "# Episodes": 5468, "Average reward": 21.27, "Time taken": 26.34, "_timestamp": 1678098677.164997, "_runtime": 9762.695682048798, "_step": 309, "Evaluation score": 329.0316463189709, "_wandb": {"runtime": 9771}}