{"Game number": 183, "# Episodes": 463, "Average reward": -619.39, "Time taken": 5.34, "_timestamp": 1677766458.645475, "_runtime": 1965.2670319080353, "_step": 188, "Evaluation score": -625.601, "_wandb": {"runtime": 1965}}