{"Game number": 236, "# Episodes": 3514, "Average reward": -20.49, "Time taken": 54.58, "_timestamp": 1678088758.1796842, "_runtime": 6875.096480131149, "_step": 241, "Evaluation score": -67.88612308893842, "_wandb": {"runtime": 6889}}