{"Game number": 1503, "# Episodes": 8343, "Average reward": -28.33, "Time taken": 3.2, "_timestamp": 1677316856.418978, "_runtime": 16.94333291053772, "_step": 2, "_wandb": {"runtime": 233}}