{"Game number": 60, "# Episodes": 401, "Average reward": -22.42, "Time taken": 12.73, "_timestamp": 1678026075.3091536, "_runtime": 1404.0708465576172, "_step": 59}