{"Game number": 226, "# Episodes": 3003, "Average reward": -13.46, "Time taken": 44.02, "Cosharing Counter": 13, "_timestamp": 1678107563.9376884, "_runtime": 5458.519756317139, "_step": 231, "Evaluation score": -40.3527119589667, "_wandb": {"runtime": 5479}}