{"Game number": 120, "# Episodes": 999, "Average reward": -7.56, "Time taken": 161.6, "Cosharing Counter": 10, "_timestamp": 1678703514.7300413, "_runtime": 12704.648049354553, "_step": 126, "Evaluation score": -20.800396706202548, "_wandb": {"runtime": 12825}}