{"Game number": 300, "# Episodes": 2756, "Average reward": -128.01, "Time taken": 47.63, "_timestamp": 1678017460.596316, "_runtime": 5567.554584980011, "_step": 309, "Evaluation score": -72.73727688643217, "_wandb": {"runtime": 10834}}