{"Game number": 150, "# Episodes": 1357, "Average reward": -6.97, "Time taken": 139.08, "Cosharing Counter": 10, "_timestamp": 1678588542.0480301, "_runtime": 23053.311368227005, "_step": 157, "Evaluation score": 2.0121875306817056, "_wandb": {"runtime": 43368}}