{"Game number": 900, "# Episodes": 15638, "Average reward": -20.42, "Time taken": 64.15, "Cosharing Counter": 25, "_timestamp": 1678261625.9498603, "_runtime": 40513.91455721855, "_step": 909, "Evaluation score": -50.739788920701436, "_wandb": {"runtime": 40517}}