{"Game number": 1, "# Episodes": 3, "Average reward": -0.01, "Time taken": 20.33, "_timestamp": 1677065197.521444, "_runtime": 27.425563097000122, "_step": 0}