{"Game number": 300, "# Episodes": 1412, "Average reward": -3.95, "Time taken": 16.51, "Cosharing Counter": 5, "_timestamp": 1678535523.3605738, "_runtime": 9358.273808717728, "_step": 308, "Evaluation score": -7.2228699213297975, "_wandb": {"runtime": 9489}}