{"Game number": 226, "# Episodes": 3326, "Average reward": -93.45, "Time taken": 22.78, "_timestamp": 1678049188.8585017, "_runtime": 6095.039984703064, "_step": 231, "Evaluation score": -14.635789267431914, "_wandb": {"runtime": 6114}}