{"Game number": 500, "# Episodes": 4548, "Average reward": -52.74, "Time taken": 124.26, "_timestamp": 1677423750.5215197, "_runtime": 25353.802463769913, "_step": 509, "Evaluation score": -24.171699999999998, "_wandb": {"runtime": 26043}}