{"Game number": 300, "# Episodes": 485, "Average reward": -615.62, "Time taken": 5.08, "_timestamp": 1677760104.8615768, "_runtime": 1504.239043712616, "_step": 309, "Evaluation score": -625.385, "_wandb": {"runtime": 3262}}