{"Game number": 476, "# Episodes": 6839, "Average reward": -966.52, "Time taken": 85.18, "_timestamp": 1677570174.8300414, "_runtime": 29634.132253408432, "_step": 484, "Evaluation score": -365.97, "_wandb": {"runtime": 29669}}