{"Game number": 1500, "# Episodes": 8337, "Average reward": -30.68, "Time taken": 2.63, "_timestamp": 1677253500.3873029, "_runtime": 26648.49341082573, "_step": 1509, "Evaluation score": -33.221199999999996, "_wandb": {"runtime": 26657}}