{"Game number": 1500, "# Episodes": 14365, "Average reward": 302.77, "Time taken": 23.48, "_timestamp": 1677113068.7662487, "_runtime": 33983.64508461952, "_step": 1509, "Evaluation score": 277.32529999999997, "_wandb": {"runtime": 57598}}