{"Game number": 1503, "# Episodes": 8340, "Average reward": -31.35, "Time taken": 29.38, "_timestamp": 1677317563.4823236, "_runtime": 186.6111307144165, "_step": 2}