{"Game number": 300, "# Episodes": 2499, "Average reward": -9.64, "Time taken": 151.57, "Cosharing Counter": 0, "_timestamp": 1678945512.9610827, "_runtime": 35009.9610517025, "_step": 308, "Evaluation score": -24.037135968925977, "_wandb": {"runtime": 39915}}