{"Game number": 300, "# Episodes": 2665, "Average reward": -184.73, "Time taken": 45.22, "_timestamp": 1677867024.8125308, "_runtime": 5175.542238712311, "_step": 309, "Evaluation score": -133.45, "_wandb": {"runtime": 8377}}