{"Game number": 300, "# Episodes": 5322, "Average reward": -17.98, "Time taken": 77.72, "Cosharing Counter": 11, "_timestamp": 1678128971.612636, "_runtime": 11459.783954143524, "_step": 309, "Evaluation score": -63.89368487934875, "_wandb": {"runtime": 12563}}