{"Game number": 11, "# Episodes": 42, "Average reward": -7.42, "Time taken": 7.95, "Cosharing Counter": 2, "_timestamp": 1678217856.488897, "_runtime": 77.61746215820312, "_step": 10, "_wandb": {"runtime": 77}}