{"Game number": 3000, "# Episodes": 10154, "Average reward": -31.41, "Time taken": 8.77, "_timestamp": 1677328594.7007954, "_runtime": 10508.028304338455, "_step": 1509, "Evaluation score": -31.0961, "_wandb": {"runtime": 14286}}