{"Game number": 221, "# Episodes": 3462, "Average reward": -15.5, "Time taken": 45.34, "Cosharing Counter": 13, "_timestamp": 1678115332.1248035, "_runtime": 6051.965791463852, "_step": 227, "Evaluation score": -46.27398667948071, "_wandb": {"runtime": 6081}}