{"Game number": 300, "# Episodes": 3178, "Average reward": -82.54, "Time taken": 18.86, "_timestamp": 1677953794.8305116, "_runtime": 5226.356729507446, "_step": 309, "Evaluation score": -506.82000000000005, "_wandb": {"runtime": 6330}}