{"Game number": 1, "# Episodes": 3, "Average reward": -186.93, "Time taken": 83.47, "_timestamp": 1677938494.92535, "_runtime": 87.12983584403992, "_step": 0}